-- users queries;
INSERT OR REPLACE INTO USERS(ID, NAME, DOB, MOBILE, EMAIL, GENDER) VALUES (1, 'Jitender','03/01/1984','9711310358','saini.jitender@gmail.como','M');
INSERT OR REPLACE INTO USERS(ID, NAME, DOB, MOBILE, EMAIL, GENDER) VALUES (2, 'David','06/19/1985','9711310350','david@gmail.como','M');
INSERT OR REPLACE INTO USERS(ID, NAME, DOB, MOBILE, EMAIL, GENDER) VALUES (3, 'Rose','09/11/1986','9711319087','rose@gmail.como','F');


-- Country queries;
INSERT OR REPLACE INTO COUNTRY(ID, CODE, TITLE) VALUES (1,'IN','India');
INSERT OR REPLACE INTO COUNTRY(ID, CODE, TITLE) VALUES (2,'SG','Singapore');

-- State queries;
INSERT OR REPLACE INTO STATE(ID, CODE, TITLE, COUNTRY_ID) VALUES (1,'HR','HARYANA', 1);
INSERT OR REPLACE INTO STATE(ID, CODE, TITLE, COUNTRY_ID) VALUES (2,'UK','UTTRAKHAND', 1);
INSERT OR REPLACE INTO STATE(ID, CODE, TITLE, COUNTRY_ID) VALUES (3,'RJ','Rajasthan', 1);


-- City Queries;
INSERT OR REPLACE INTO CITY(ID, CODE, TITLE, STATE_ID) VALUES (1,'JAI','JAIPUR', 3);
INSERT OR REPLACE INTO CITY(ID, CODE, TITLE, STATE_ID) VALUES (2,'GGN','GURGAON', 1);
INSERT OR REPLACE INTO CITY(ID, CODE, TITLE, STATE_ID) VALUES (3,'PPT','PANIPAT', 1);
INSERT OR REPLACE INTO CITY(ID, CODE, TITLE, STATE_ID) VALUES (4,'DDN','DEHRADUN', 2);
INSERT OR REPLACE INTO CITY(ID, CODE, TITLE, STATE_ID) VALUES (5,'RK','ROORKEE', 2);
INSERT OR REPLACE INTO CITY(ID, CODE, TITLE, STATE_ID) VALUES (6,'ALW','ALWAR', 3);

--Address Queries;
INSERT OR REPLACE INTO ADDRESS(ID, PIN_CODE, STREET_NO, LANDMARK, CITY_ID) VALUES (1,'1232131','Street-Jai1', "Near Bus stand", 1);
INSERT OR REPLACE INTO ADDRESS(ID, PIN_CODE, STREET_NO, LANDMARK, CITY_ID) VALUES (2,'1435677','Street-Jai2', "Near Bus stand", 1);
INSERT OR REPLACE INTO ADDRESS(ID, PIN_CODE, STREET_NO, LANDMARK, CITY_ID) VALUES (3,'1289131','Street-GGN1', "Near Rly stn", 2);
INSERT OR REPLACE INTO ADDRESS(ID, PIN_CODE, STREET_NO, LANDMARK, CITY_ID) VALUES (4,'1236789','Street-GGN2', "Near Park Plaza", 2);
INSERT OR REPLACE INTO ADDRESS(ID, PIN_CODE, STREET_NO, LANDMARK, CITY_ID) VALUES (5,'1464566','Street-PPT1', "Near Ambi mall", 3);
INSERT OR REPLACE INTO ADDRESS(ID, PIN_CODE, STREET_NO, LANDMARK, CITY_ID) VALUES (6,'1768456','Street-PPT2', "Near Ambi mall", 3);
INSERT OR REPLACE INTO ADDRESS(ID, PIN_CODE, STREET_NO, LANDMARK, CITY_ID) VALUES (7,'5674665','Street-DDN1', "Near Ghantaghar", 4);
INSERT OR REPLACE INTO ADDRESS(ID, PIN_CODE, STREET_NO, LANDMARK, CITY_ID) VALUES (8,'9378595','Street-DDN2', "Near Ghantaghar", 4);
INSERT OR REPLACE INTO ADDRESS(ID, PIN_CODE, STREET_NO, LANDMARK, CITY_ID) VALUES (9,'7356546','Street-RKE1', "Near Civil Lines", 5);
INSERT OR REPLACE INTO ADDRESS(ID, PIN_CODE, STREET_NO, LANDMARK, CITY_ID) VALUES (10,'8764567','Street-RKE2', "Opp Temple", 5);
INSERT OR REPLACE INTO ADDRESS(ID, PIN_CODE, STREET_NO, LANDMARK, CITY_ID) VALUES (11,'5346463','Street-AL1', "Near Old Fort", 6);
INSERT OR REPLACE INTO ADDRESS(ID, PIN_CODE, STREET_NO, LANDMARK, CITY_ID) VALUES (12,'1343423','Street-AL2', "Opp Old Fort", 6);


--Theater Queries;
INSERT OR REPLACE INTO THEATER(ID, CODE, TITLE, ADDRESS_ID) VALUES (1,'RMC','Raj Mandir', 1);
INSERT OR REPLACE INTO THEATER(ID, CODE, TITLE, ADDRESS_ID) VALUES (2,'INOX','Inox Multiplex', 2);
INSERT OR REPLACE INTO THEATER(ID, CODE, TITLE, ADDRESS_ID) VALUES (3,'PVR','PVR Ambience mall', 3);
INSERT OR REPLACE INTO THEATER(ID, CODE, TITLE, ADDRESS_ID) VALUES (4,'INOX','Inox Insignia', 4);
INSERT OR REPLACE INTO THEATER(ID, CODE, TITLE, ADDRESS_ID) VALUES (5,'PVR','PVR Panipat', 5);
INSERT OR REPLACE INTO THEATER(ID, CODE, TITLE, ADDRESS_ID) VALUES (6,'FC','Fun Cinemas', 6);
INSERT OR REPLACE INTO THEATER(ID, CODE, TITLE, ADDRESS_ID) VALUES (7,'CARN','Carnival Cinema', 7);
INSERT OR REPLACE INTO THEATER(ID, CODE, TITLE, ADDRESS_ID) VALUES (8,'SLC','Silver City', 8);
INSERT OR REPLACE INTO THEATER(ID, CODE, TITLE, ADDRESS_ID) VALUES (9,'NCN','Neelam Cinema', 9);
INSERT OR REPLACE INTO THEATER(ID, CODE, TITLE, ADDRESS_ID) VALUES (10,'RRC','RR Cinema', 10);
INSERT OR REPLACE INTO THEATER(ID, CODE, TITLE, ADDRESS_ID) VALUES (11,'INOX','Inox Cinema', 11);
INSERT OR REPLACE INTO THEATER(ID, CODE, TITLE, ADDRESS_ID) VALUES (12,'GLC','Gold Cinema', 12);


-- Theater Seating Arrangement Queries;
INSERT OR REPLACE INTO THEATER_SEATING_ARRANGEMENTS (ID, SEAT_CLASS, SEAT_LABEL, THEATER_ID) VALUES (1,'P','A1', 3);
INSERT OR REPLACE INTO THEATER_SEATING_ARRANGEMENTS (ID, SEAT_CLASS, SEAT_LABEL, THEATER_ID) VALUES (2,'P','A2', 3);
INSERT OR REPLACE INTO THEATER_SEATING_ARRANGEMENTS (ID, SEAT_CLASS, SEAT_LABEL, THEATER_ID) VALUES (3,'P','A3', 3);
INSERT OR REPLACE INTO THEATER_SEATING_ARRANGEMENTS (ID, SEAT_CLASS, SEAT_LABEL, THEATER_ID) VALUES (4,'P','A4', 3);
INSERT OR REPLACE INTO THEATER_SEATING_ARRANGEMENTS (ID, SEAT_CLASS, SEAT_LABEL, THEATER_ID) VALUES (5,'P','A5', 3);
INSERT OR REPLACE INTO THEATER_SEATING_ARRANGEMENTS (ID, SEAT_CLASS, SEAT_LABEL, THEATER_ID) VALUES (6,'P','A6', 3);
INSERT OR REPLACE INTO THEATER_SEATING_ARRANGEMENTS (ID, SEAT_CLASS, SEAT_LABEL, THEATER_ID) VALUES (7,'P','A7', 3);

INSERT OR REPLACE INTO THEATER_SEATING_ARRANGEMENTS (ID, SEAT_CLASS, SEAT_LABEL, THEATER_ID) VALUES (8,'P','B1', 3);
INSERT OR REPLACE INTO THEATER_SEATING_ARRANGEMENTS (ID, SEAT_CLASS, SEAT_LABEL, THEATER_ID) VALUES (9,'P','B2', 3);
INSERT OR REPLACE INTO THEATER_SEATING_ARRANGEMENTS (ID, SEAT_CLASS, SEAT_LABEL, THEATER_ID) VALUES (10,'P','B3', 3);
INSERT OR REPLACE INTO THEATER_SEATING_ARRANGEMENTS (ID, SEAT_CLASS, SEAT_LABEL, THEATER_ID) VALUES (11,'P','B4', 3);
INSERT OR REPLACE INTO THEATER_SEATING_ARRANGEMENTS (ID, SEAT_CLASS, SEAT_LABEL, THEATER_ID) VALUES (12,'P','B5', 3);
INSERT OR REPLACE INTO THEATER_SEATING_ARRANGEMENTS (ID, SEAT_CLASS, SEAT_LABEL, THEATER_ID) VALUES (13,'P','B6', 3);

INSERT OR REPLACE INTO THEATER_SEATING_ARRANGEMENTS (ID, SEAT_CLASS, SEAT_LABEL, THEATER_ID) VALUES (14,'P','C1', 3);
INSERT OR REPLACE INTO THEATER_SEATING_ARRANGEMENTS (ID, SEAT_CLASS, SEAT_LABEL, THEATER_ID) VALUES (15,'P','C2', 3);
INSERT OR REPLACE INTO THEATER_SEATING_ARRANGEMENTS (ID, SEAT_CLASS, SEAT_LABEL, THEATER_ID) VALUES (16,'P','C3', 3);
INSERT OR REPLACE INTO THEATER_SEATING_ARRANGEMENTS (ID, SEAT_CLASS, SEAT_LABEL, THEATER_ID) VALUES (17,'P','C4', 3);
INSERT OR REPLACE INTO THEATER_SEATING_ARRANGEMENTS (ID, SEAT_CLASS, SEAT_LABEL, THEATER_ID) VALUES (18,'P','C5', 3);
INSERT OR REPLACE INTO THEATER_SEATING_ARRANGEMENTS (ID, SEAT_CLASS, SEAT_LABEL, THEATER_ID) VALUES (19,'P','C6', 3);

INSERT OR REPLACE INTO THEATER_SEATING_ARRANGEMENTS (ID, SEAT_CLASS, SEAT_LABEL, THEATER_ID) VALUES (20,'B','D1', 3);
INSERT OR REPLACE INTO THEATER_SEATING_ARRANGEMENTS (ID, SEAT_CLASS, SEAT_LABEL, THEATER_ID) VALUES (21,'B','D2', 3);
INSERT OR REPLACE INTO THEATER_SEATING_ARRANGEMENTS (ID, SEAT_CLASS, SEAT_LABEL, THEATER_ID) VALUES (22,'B','D3', 3);
INSERT OR REPLACE INTO THEATER_SEATING_ARRANGEMENTS (ID, SEAT_CLASS, SEAT_LABEL, THEATER_ID) VALUES (23,'B','D4', 3);
INSERT OR REPLACE INTO THEATER_SEATING_ARRANGEMENTS (ID, SEAT_CLASS, SEAT_LABEL, THEATER_ID) VALUES (24,'B','D5', 3);
INSERT OR REPLACE INTO THEATER_SEATING_ARRANGEMENTS (ID, SEAT_CLASS, SEAT_LABEL, THEATER_ID) VALUES (25,'B','D6', 3);
INSERT OR REPLACE INTO THEATER_SEATING_ARRANGEMENTS (ID, SEAT_CLASS, SEAT_LABEL, THEATER_ID) VALUES (26,'B','D7', 3);

INSERT OR REPLACE INTO THEATER_SEATING_ARRANGEMENTS (ID, SEAT_CLASS, SEAT_LABEL, THEATER_ID) VALUES (27,'B','E1', 3);
INSERT OR REPLACE INTO THEATER_SEATING_ARRANGEMENTS (ID, SEAT_CLASS, SEAT_LABEL, THEATER_ID) VALUES (28,'B','E2', 3);
INSERT OR REPLACE INTO THEATER_SEATING_ARRANGEMENTS (ID, SEAT_CLASS, SEAT_LABEL, THEATER_ID) VALUES (29,'B','E3', 3);
INSERT OR REPLACE INTO THEATER_SEATING_ARRANGEMENTS (ID, SEAT_CLASS, SEAT_LABEL, THEATER_ID) VALUES (30,'B','E4', 3);
INSERT OR REPLACE INTO THEATER_SEATING_ARRANGEMENTS (ID, SEAT_CLASS, SEAT_LABEL, THEATER_ID) VALUES (31,'B','E5', 3);
INSERT OR REPLACE INTO THEATER_SEATING_ARRANGEMENTS (ID, SEAT_CLASS, SEAT_LABEL, THEATER_ID) VALUES (32,'B','E6', 3);
INSERT OR REPLACE INTO THEATER_SEATING_ARRANGEMENTS (ID, SEAT_CLASS, SEAT_LABEL, THEATER_ID) VALUES (33,'B','E7', 3);


INSERT OR REPLACE INTO THEATER_SEATING_ARRANGEMENTS (ID, SEAT_CLASS, SEAT_LABEL, THEATER_ID) VALUES (34,'P','A1', 4);
INSERT OR REPLACE INTO THEATER_SEATING_ARRANGEMENTS (ID, SEAT_CLASS, SEAT_LABEL, THEATER_ID) VALUES (35,'P','A2', 4);
INSERT OR REPLACE INTO THEATER_SEATING_ARRANGEMENTS (ID, SEAT_CLASS, SEAT_LABEL, THEATER_ID) VALUES (36,'P','A3', 4);
INSERT OR REPLACE INTO THEATER_SEATING_ARRANGEMENTS (ID, SEAT_CLASS, SEAT_LABEL, THEATER_ID) VALUES (37,'P','A4', 4);
INSERT OR REPLACE INTO THEATER_SEATING_ARRANGEMENTS (ID, SEAT_CLASS, SEAT_LABEL, THEATER_ID) VALUES (38,'P','A5', 4);
INSERT OR REPLACE INTO THEATER_SEATING_ARRANGEMENTS (ID, SEAT_CLASS, SEAT_LABEL, THEATER_ID) VALUES (39,'P','A6', 4);
INSERT OR REPLACE INTO THEATER_SEATING_ARRANGEMENTS (ID, SEAT_CLASS, SEAT_LABEL, THEATER_ID) VALUES (40,'P','A7', 4);

INSERT OR REPLACE INTO THEATER_SEATING_ARRANGEMENTS (ID, SEAT_CLASS, SEAT_LABEL, THEATER_ID) VALUES (41,'P','B1', 4);
INSERT OR REPLACE INTO THEATER_SEATING_ARRANGEMENTS (ID, SEAT_CLASS, SEAT_LABEL, THEATER_ID) VALUES (42,'P','B2', 4);
INSERT OR REPLACE INTO THEATER_SEATING_ARRANGEMENTS (ID, SEAT_CLASS, SEAT_LABEL, THEATER_ID) VALUES (43,'P','B3', 4);
INSERT OR REPLACE INTO THEATER_SEATING_ARRANGEMENTS (ID, SEAT_CLASS, SEAT_LABEL, THEATER_ID) VALUES (44,'P','B4', 4);
INSERT OR REPLACE INTO THEATER_SEATING_ARRANGEMENTS (ID, SEAT_CLASS, SEAT_LABEL, THEATER_ID) VALUES (45,'P','B5', 4);
INSERT OR REPLACE INTO THEATER_SEATING_ARRANGEMENTS (ID, SEAT_CLASS, SEAT_LABEL, THEATER_ID) VALUES (46,'P','B6', 4);
INSERT OR REPLACE INTO THEATER_SEATING_ARRANGEMENTS (ID, SEAT_CLASS, SEAT_LABEL, THEATER_ID) VALUES (47,'P','B7', 4);

INSERT OR REPLACE INTO THEATER_SEATING_ARRANGEMENTS (ID, SEAT_CLASS, SEAT_LABEL, THEATER_ID) VALUES (48,'P','C1', 4);
INSERT OR REPLACE INTO THEATER_SEATING_ARRANGEMENTS (ID, SEAT_CLASS, SEAT_LABEL, THEATER_ID) VALUES (49,'P','C2', 4);
INSERT OR REPLACE INTO THEATER_SEATING_ARRANGEMENTS (ID, SEAT_CLASS, SEAT_LABEL, THEATER_ID) VALUES (50,'P','C3', 4);
INSERT OR REPLACE INTO THEATER_SEATING_ARRANGEMENTS (ID, SEAT_CLASS, SEAT_LABEL, THEATER_ID) VALUES (51,'P','C4', 4);
INSERT OR REPLACE INTO THEATER_SEATING_ARRANGEMENTS (ID, SEAT_CLASS, SEAT_LABEL, THEATER_ID) VALUES (52,'P','C5', 4);

INSERT OR REPLACE INTO THEATER_SEATING_ARRANGEMENTS (ID, SEAT_CLASS, SEAT_LABEL, THEATER_ID) VALUES (53,'B','D1', 4);
INSERT OR REPLACE INTO THEATER_SEATING_ARRANGEMENTS (ID, SEAT_CLASS, SEAT_LABEL, THEATER_ID) VALUES (54,'B','D2', 4);
INSERT OR REPLACE INTO THEATER_SEATING_ARRANGEMENTS (ID, SEAT_CLASS, SEAT_LABEL, THEATER_ID) VALUES (55,'B','D3', 4);
INSERT OR REPLACE INTO THEATER_SEATING_ARRANGEMENTS (ID, SEAT_CLASS, SEAT_LABEL, THEATER_ID) VALUES (56,'B','D4', 4);
INSERT OR REPLACE INTO THEATER_SEATING_ARRANGEMENTS (ID, SEAT_CLASS, SEAT_LABEL, THEATER_ID) VALUES (57,'B','D5', 4);
INSERT OR REPLACE INTO THEATER_SEATING_ARRANGEMENTS (ID, SEAT_CLASS, SEAT_LABEL, THEATER_ID) VALUES (58,'B','D6', 4);
INSERT OR REPLACE INTO THEATER_SEATING_ARRANGEMENTS (ID, SEAT_CLASS, SEAT_LABEL, THEATER_ID) VALUES (59,'B','D7', 4);

INSERT OR REPLACE INTO THEATER_SEATING_ARRANGEMENTS (ID, SEAT_CLASS, SEAT_LABEL, THEATER_ID) VALUES (60,'B','E1', 4);
INSERT OR REPLACE INTO THEATER_SEATING_ARRANGEMENTS (ID, SEAT_CLASS, SEAT_LABEL, THEATER_ID) VALUES (61,'B','E2', 4);
INSERT OR REPLACE INTO THEATER_SEATING_ARRANGEMENTS (ID, SEAT_CLASS, SEAT_LABEL, THEATER_ID) VALUES (62,'B','E3', 4);
INSERT OR REPLACE INTO THEATER_SEATING_ARRANGEMENTS (ID, SEAT_CLASS, SEAT_LABEL, THEATER_ID) VALUES (63,'B','E4', 4);
INSERT OR REPLACE INTO THEATER_SEATING_ARRANGEMENTS (ID, SEAT_CLASS, SEAT_LABEL, THEATER_ID) VALUES (64,'B','E5', 4);
INSERT OR REPLACE INTO THEATER_SEATING_ARRANGEMENTS (ID, SEAT_CLASS, SEAT_LABEL, THEATER_ID) VALUES (65,'B','E6', 4);


--Movie Queries;
INSERT OR REPLACE INTO MOVIE(ID, TITLE, MOVIE_TYPE, GENRE) VALUES (1,'Jurasic Park','ENGLISH', 'SCIFI');
INSERT OR REPLACE INTO MOVIE(ID, TITLE, MOVIE_TYPE, GENRE) VALUES (2,'Iron Man','ENGLISH', 'SCIFI');
INSERT OR REPLACE INTO MOVIE(ID, TITLE, MOVIE_TYPE, GENRE) VALUES (3,'Hachikoo','ENGLISH', 'DRAMA');
INSERT OR REPLACE INTO MOVIE(ID, TITLE, MOVIE_TYPE, GENRE) VALUES (4,'SHOLAY','HINDI', 'ACTION');

--Movie_Theater Queries;
INSERT OR REPLACE INTO THEATER_MOVIE(ID, MOVIE_ID, THEATER_ID, MOVIE_STATUS, TICKET_PRICE, MOVIE_TIME) VALUES (1, 1, 3,  1, 500, '01/03/2022 09:00:00');
INSERT OR REPLACE INTO THEATER_MOVIE(ID, MOVIE_ID, THEATER_ID, MOVIE_STATUS, TICKET_PRICE, MOVIE_TIME) VALUES (2, 1, 4,  1, 300, '01/03/2022 09:00:00');
INSERT OR REPLACE INTO THEATER_MOVIE(ID, MOVIE_ID, THEATER_ID, MOVIE_STATUS, TICKET_PRICE, MOVIE_TIME) VALUES (3, 1, 3,  1, 500, '01/03/2022 12:00:00');
INSERT OR REPLACE INTO THEATER_MOVIE(ID, MOVIE_ID, THEATER_ID, MOVIE_STATUS, TICKET_PRICE, MOVIE_TIME) VALUES (4, 1, 4,  1, 300, '01/03/2022 12:00:00');

INSERT OR REPLACE INTO THEATER_MOVIE(ID, MOVIE_ID, THEATER_ID, MOVIE_STATUS, TICKET_PRICE, MOVIE_TIME) VALUES (5, 2, 3,  1, 600, '01/03/2022 09:00:00');
INSERT OR REPLACE INTO THEATER_MOVIE(ID, MOVIE_ID, THEATER_ID, MOVIE_STATUS, TICKET_PRICE, MOVIE_TIME) VALUES (6, 2, 4,  1, 350, '01/03/2022 09:00:00');
INSERT OR REPLACE INTO THEATER_MOVIE(ID, MOVIE_ID, THEATER_ID, MOVIE_STATUS, TICKET_PRICE, MOVIE_TIME) VALUES (7, 2, 3,  1, 600, '01/03/2022 12:00:00');
INSERT OR REPLACE INTO THEATER_MOVIE(ID, MOVIE_ID, THEATER_ID, MOVIE_STATUS, TICKET_PRICE, MOVIE_TIME) VALUES (8, 2, 4,  1, 350, '01/03/2022 12:00:00');

INSERT OR REPLACE INTO THEATER_MOVIE(ID, MOVIE_ID, THEATER_ID, MOVIE_STATUS, TICKET_PRICE, MOVIE_TIME) VALUES (17, 3, 3, 1, 450, '01/03/2022 09:00:00');
INSERT OR REPLACE INTO THEATER_MOVIE(ID, MOVIE_ID, THEATER_ID, MOVIE_STATUS, TICKET_PRICE, MOVIE_TIME) VALUES (18, 3, 4, 1, 320, '01/03/2022 09:00:00');
INSERT OR REPLACE INTO THEATER_MOVIE(ID, MOVIE_ID, THEATER_ID, MOVIE_STATUS, TICKET_PRICE, MOVIE_TIME) VALUES (19, 3, 3, 1, 450, '01/03/2022 12:00:00');
INSERT OR REPLACE INTO THEATER_MOVIE(ID, MOVIE_ID, THEATER_ID, MOVIE_STATUS, TICKET_PRICE, MOVIE_TIME) VALUES (20, 3, 4, 1, 320, '01/03/2022 12:00:00');

INSERT OR REPLACE INTO THEATER_MOVIE(ID, MOVIE_ID, THEATER_ID, MOVIE_STATUS, TICKET_PRICE, MOVIE_TIME) VALUES (21, 4, 3, 1, 470, '01/03/2022 09:00:00');
INSERT OR REPLACE INTO THEATER_MOVIE(ID, MOVIE_ID, THEATER_ID, MOVIE_STATUS, TICKET_PRICE, MOVIE_TIME) VALUES (22, 4, 4, 1, 310, '01/03/2022 09:00:00');
INSERT OR REPLACE INTO THEATER_MOVIE(ID, MOVIE_ID, THEATER_ID, MOVIE_STATUS, TICKET_PRICE, MOVIE_TIME) VALUES (23, 4, 3, 1, 470, '01/03/2022 12:00:00');
INSERT OR REPLACE INTO THEATER_MOVIE(ID, MOVIE_ID, THEATER_ID, MOVIE_STATUS, TICKET_PRICE, MOVIE_TIME) VALUES (24, 4, 4, 1, 310, '01/03/2022 12:00:00');